name,downloadurl,unlockkey,category,publisher,coverimageurl
Matematik Soru Bankası,http://www.mozaikakillitahta.com/books/2022-5-sinif-matematik-sb.exe,nonene,5,Mozaik Yayınları,https://mozaikyayinlari.com.tr/wp-content/uploads/2023/03/5.-Sinif-Matematik-Soru-Bankasi-min.png
Türkçe Soru Bankası,http://www.mozaikakillitahta.com/books/2022-5-sinif-turkce-sb.exe,nonene,5,Mozaik Yayınları,https://mozaikyayinlari.com.tr/wp-content/uploads/2023/03/5.-Sinif-Turkce-Soru-Bankasi-min.png
Fen Bilimleri Soru Bankası,http://www.mozaikakillitahta.com/books/2022-5-sinif-fen-bilimleri-sb.exe,none,5,Mozaik Yayınları,https://mozaikyayinlari.com.tr/wp-content/uploads/2023/03/5.-Sinif-Fen-Bilimleri-Soru-Bankasi-min.png
Sosyal Bilgiler Soru Bankası,http://www.mozaikakillitahta.com/books/2022-5-sinif-sosyal-bilgiler-sb.exe,none,5,Mozaik Yayınları,https://mozaikyayinlari.com.tr/wp-content/uploads/2023/03/5.-Sinif-Sosyal-Bilgiler-Soru-Bankasi-min.png
Matematik Defter Kitap,http://www.mozaikakillitahta.com/books/2022-5-sinif-matematik-intro-defter-kitap.exe,none,5,Mozaik Yayınları,https://mozaikyayinlari.com.tr/wp-content/uploads/2023/03/5.-Sinif-Matematik-Intro-Defter-min.png
Türkçe Defter Kitap,http://www.mozaikakillitahta.com/books/2022-5-sinif-turkce-intro-defter-kitap.exe,none,5,Mozaik Yayınları,https://mozaikyayinlari.com.tr/wp-content/uploads/2023/03/5.-Sinif-Turkce-Intro-min.png
Fen Bilimleri Defter Kitap,http://www.mozaikakillitahta.com/books/2021-5-sinif-fen-bilimleri-intro-defter-kitap.exe,none,5,Mozaik Yayınları,https://mozaikyayinlari.com.tr/wp-content/uploads/2023/03/5.-Sinif-Fen-Bilimleri-Intro-min.png
Sosyal Bilgiler Defter Kitap,http://www.mozaikakillitahta.com/books/2021-5-sinif-sosyal-bilgiler-intro-defter-kitap.exe,none,5,Mozaik Yayınları,https://mozaikyayinlari.com.tr/wp-content/uploads/2023/03/5.-Sinif-Sosyal-Bilgiler-Intro-Defter-min.png
Kamp Sömestir,http://www.mozaikakillitahta.com/books/2021-5-sinif-kamp-donem-1.exe,none,5,Mozaik Yayınları,https://mozaikyayinlari.com.tr/wp-content/uploads/2023/03/5.-Sinif-Somestir-Kamp-min.png
Türkçe Paragraf Soru Bankası,http://www.mozaikakillitahta.com/books/2022-5-sinif-paragraf-sb.exe,none,5,Mozaik Yayınları,https://mozaikyayinlari.com.tr/wp-content/uploads/2023/03/5.-Sinif-Paragraf-Soru-Bankasi-min.png
